emd_nm,WiFi 접속자수,카드이용자수,자동차등록수,사업체수,총인구수,면수
건입동,1018933,763641,4279,750,9857,370
노형동,4834174,4562480,59875,4476,56223,1587
도두동,141161,441864,9090,991,3257,897
봉개동,393438,362387,3873,269,4936,327
삼도1동,919731,614378,15174,1367,14345,151
삼도2동,1223869,795022,3530,1029,8662,618
삼양동,638591,1042792,12993,1000,25153,656
아라동,1552059,2301873,18729,2049,34321,821
연동,3126565,4303620,167593,4649,43217,832
오라동,300518,854466,11943,978,14906,971
외도동,994026,944828,11724,1185,21741,514
용담1동,812415,300783,3257,805,7610,55
용담2동,1658664,3166510,20449,1113,15673,773
이도1동,1706470,651811,3063,1532,7989,592
이도2동,3076786,3887133,42987,5162,50137,1700
이호동,114543,269222,5412,281,4654,804
일도1동,1054688,661113,1024,1326,2993,486
일도2동,2563285,1787553,14893,2210,34684,690
화북동,1346005,1025585,14582,1546,25391,324
